State,County Name,Urban Rural Code,Indicator,Total deaths,COVID-19 Deaths,Non-Hispanic White,Non-Hispanic Black,Non-Hispanic American Indian or Alaska Native,Non-Hispanic Asian,Non-Hispanic Native Hawaiian or Other Pacific Islander,Hispanic,Other,Urban Rural Description
AL,Calhoun County,4,Distribution of COVID-19 deaths (%),1327,121,0.06900000000000006,-0.011999999999999983,-0.004,-0.009000000000000001,-0.001,0.0,-0.019,Small metro
AL,Etowah County,4,Distribution of COVID-19 deaths (%),1394,157,0.06699999999999995,-0.0020000000000000018,-0.004,-0.008,0.0,0.0,-0.017,Small metro
AL,Houston County,4,Distribution of COVID-19 deaths (%),1745,298,-0.016000000000000014,0.05799999999999994,-0.004,-0.01,-0.001,0.0,-0.02,Small metro
AL,Jefferson County,1,Distribution of COVID-19 deaths (%),8500,769,0.11399999999999999,-0.07200000000000001,-0.002,-0.018000000000000002,0.0,0.025,-0.013000000000000001,Large central metro
AL,Lee County,4,Distribution of COVID-19 deaths (%),1103,163,-0.09899999999999987,0.16699999999999995,-0.002,-0.040999999999999995,-0.001,0.0,-0.016,Small metro
AL,Madison County,3,Distribution of COVID-19 deaths (%),3555,198,0.08299999999999996,-0.047000000000000014,-0.006999999999999999,-0.026000000000000002,-0.001,0.055999999999999994,-0.026000000000000002,Medium metro
AL,Mobile County,3,Distribution of COVID-19 deaths (%),4605,491,-0.08199999999999996,0.12800000000000006,-0.009000000000000001,-0.021,0.0,0.0,-0.016,Medium metro
AL,Montgomery County,3,Distribution of COVID-19 deaths (%),2727,394,-0.007000000000000006,0.06700000000000006,-0.002,-0.032,0.0,0.0,-0.013000000000000001,Medium metro
AL,Tuscaloosa County,4,Distribution of COVID-19 deaths (%),2040,274,-0.11199999999999999,0.14900000000000002,-0.002,-0.016,0.0,0.0,-0.012,Small metro
AR,Benton County,3,Distribution of COVID-19 deaths (%),1683,199,-0.006999999999999895,-0.018000000000000002,-0.013999999999999999,-0.04,0.11399999999999999,0.141,-0.03,Medium metro
AR,Craighead County,4,Distribution of COVID-19 deaths (%),1889,250,0.06400000000000006,0.0069999999999999785,-0.003,-0.012,0.0,0.0,-0.018000000000000002,Small metro
AR,Garland County,4,Distribution of COVID-19 deaths (%),1566,149,0.02300000000000013,0.043,-0.006,-0.008,-0.001,0.0,-0.024,Small metro
AR,Jefferson County,4,Distribution of COVID-19 deaths (%),831,109,0.030999999999999972,-0.03799999999999992,-0.003,-0.008,-0.001,0.0,-0.013999999999999999,Small metro
AR,Pulaski County,3,Distribution of COVID-19 deaths (%),5560,428,0.124,-0.07800000000000001,-0.003,-0.022000000000000002,0.0,0.047,-0.021,Medium metro
AR,Sebastian County,3,Distribution of COVID-19 deaths (%),2006,184,0.07499999999999996,-0.067,-0.019,-0.046,-0.001,0.098,-0.034,Medium metro
AR,Washington County,3,Distribution of COVID-19 deaths (%),2073,224,0.03300000000000014,-0.033,-0.011000000000000001,-0.025,0.08499999999999999,0.11599999999999999,-0.052000000000000005,Medium metro
AZ,Coconino County,4,Distribution of COVID-19 deaths (%),1062,141,-0.43400000000000005,-0.013000000000000001,0.5790000000000001,-0.019,-0.001,0.0,-0.026000000000000002,Small metro
AZ,Maricopa County,1,Distribution of COVID-19 deaths (%),35787,3850,-0.07100000000000006,-0.012999999999999998,0.104,-0.021999999999999995,0.001,0.311,0.0049999999999999975,Large central metro
AZ,Mohave County,4,Distribution of COVID-19 deaths (%),2977,212,-0.010999999999999899,-0.011000000000000001,0.036000000000000004,-0.011000000000000001,-0.002,0.13699999999999998,-0.02,Small metro
AZ,Pima County,3,Distribution of COVID-19 deaths (%),10384,805,-0.09100000000000003,-0.010000000000000002,0.033,-0.016,-0.002,0.465,-0.004,Medium metro
AZ,Yuma County,4,Distribution of COVID-19 deaths (%),1845,336,-0.07499999999999998,-0.019,0.020999999999999998,-0.012,-0.001,0.72,-0.013000000000000001,Small metro
CA,Alameda County,1,Distribution of COVID-19 deaths (%),9048,482,-0.056999999999999995,0.09799999999999999,-0.002,-0.07700000000000001,-0.008,0.282,-0.049,Large central metro
CA,Contra Costa County,2,Distribution of COVID-19 deaths (%),6758,236,0.044999999999999984,0.015,-0.003,-0.04000000000000001,-0.005,0.271,-0.046,Large fringe metro
CA,Fresno County,3,Distribution of COVID-19 deaths (%),6931,484,0.019999999999999962,0.0040000000000000036,-0.006,-0.028999999999999998,-0.001,0.56,-0.02,Medium metro
CA,Imperial County,4,Distribution of COVID-19 deaths (%),1054,210,-0.052000000000000005,-0.024,-0.006999999999999999,-0.012,-0.001,0.929,-0.006,Small metro
CA,Kern County,3,Distribution of COVID-19 deaths (%),5746,460,-0.06699999999999995,0.018000000000000002,-0.006,-0.017,-0.001,0.63,-0.02,Medium metro
CA,Kings County,4,Distribution of COVID-19 deaths (%),827,126,-0.16999999999999998,-0.063,-0.009000000000000001,-0.038,-0.002,0.81,-0.024,Small metro
CA,Los Angeles County,1,Distribution of COVID-19 deaths (%),62544,6730,-0.031000000000000028,0.015,0.001,-0.0030000000000000304,0.0,0.521,-0.018000000000000002,Large central metro
CA,Marin County,2,Distribution of COVID-19 deaths (%),1704,106,-0.039999999999999925,-0.025,-0.002,-0.064,-0.002,0.17,-0.034,Large fringe metro
CA,Monterey County,3,Distribution of COVID-19 deaths (%),2326,104,-0.13799999999999998,-0.025,-0.003,-0.057,-0.004,0.74,-0.027000000000000003,Medium metro
CA,Orange County,1,Distribution of COVID-19 deaths (%),18785,1483,-0.09200000000000003,0.0010000000000000009,-0.002,-0.03,0.003999999999999999,0.483,-0.03,Large central metro
CA,Placer County,2,Distribution of COVID-19 deaths (%),3334,118,0.005999999999999894,-0.017,-0.006,-0.079,-0.002,0.16899999999999998,-0.039,Large fringe metro
CA,Riverside County,1,Distribution of COVID-19 deaths (%),16066,1478,0.027000000000000024,-0.0049999999999999975,-0.005,-0.018000000000000002,-0.003,0.51,-0.014000000000000002,Large central metro
CA,Sacramento County,1,Distribution of COVID-19 deaths (%),10873,545,0.034999999999999976,0.02200000000000002,-0.005,-0.020000000000000018,0.013,0.22399999999999998,-0.06,Large central metro
CA,San Bernardino County,2,Distribution of COVID-19 deaths (%),14371,1358,0.01699999999999996,0.01200000000000001,-0.004,-0.02099999999999999,0.003999999999999999,0.544,-0.013,Large fringe metro
CA,San Diego County,1,Distribution of COVID-19 deaths (%),20066,1191,-0.14899999999999997,-0.009999999999999995,-0.004,-0.029000000000000012,-0.004,0.552,-0.024,Large central metro
CA,San Francisco County,1,Distribution of COVID-19 deaths (%),5343,162,-0.11000000000000004,0.03,-0.002,-0.03199999999999997,-0.004,0.29,-0.039,Large central metro
CA,San Joaquin County,3,Distribution of COVID-19 deaths (%),5098,490,0.04400000000000004,0.031,-0.004,-0.026999999999999996,-0.006,0.39799999999999996,-0.040999999999999995,Medium metro
CA,San Mateo County,2,Distribution of COVID-19 deaths (%),3957,180,0.056999999999999995,-0.022000000000000002,-0.001,-0.04999999999999999,-0.013000000000000001,0.25,-0.05,Large fringe metro
CA,Santa Barbara County,3,Distribution of COVID-19 deaths (%),2820,145,-0.08500000000000002,-0.018000000000000002,-0.004,-0.054000000000000006,-0.002,0.5589999999999999,-0.025,Medium metro
CA,Santa Clara County,1,Distribution of COVID-19 deaths (%),9608,429,0.0,0.013000000000000005,-0.002,-0.133,-0.003,0.39899999999999997,-0.035,Large central metro
CA,Solano County,3,Distribution of COVID-19 deaths (%),2917,125,-0.032999999999999974,0.055999999999999994,-0.004,0.008000000000000007,-0.008,0.264,-0.061,Medium metro
CA,Sonoma County,3,Distribution of COVID-19 deaths (%),3647,169,0.06500000000000006,-0.016,-0.006999999999999999,-0.043,-0.003,0.21899999999999997,-0.032,Medium metro
CA,Stanislaus County,3,Distribution of COVID-19 deaths (%),4822,548,0.07299999999999995,-0.0030000000000000027,-0.005,-0.010000000000000002,-0.006999999999999999,0.442,-0.033,Medium metro
CA,Tulare County,3,Distribution of COVID-19 deaths (%),2823,310,0.052999999999999936,-0.012,-0.006999999999999999,-0.0010000000000000009,-0.001,0.616,-0.015,Medium metro
CA,Ventura County,3,Distribution of COVID-19 deaths (%),5020,197,0.026000000000000023,-0.018000000000000002,-0.003,-0.008000000000000007,-0.002,0.426,-0.026000000000000002,Medium metro
CO,Adams County,2,Distribution of COVID-19 deaths (%),3365,382,-0.11599999999999999,0.043,-0.006,-0.0030000000000000027,-0.001,0.48200000000000004,-0.021,Large fringe metro
CO,Arapahoe County,2,Distribution of COVID-19 deaths (%),4070,468,0.06599999999999984,-0.024999999999999994,-0.004,0.0030000000000000027,-0.002,0.165,-0.034,Large fringe metro
CO,Boulder County,3,Distribution of COVID-19 deaths (%),2073,136,-0.06800000000000006,-0.01,-0.004,0.02500000000000001,0.0,0.184,-0.024,Medium metro
CO,Denver County,1,Distribution of COVID-19 deaths (%),4707,403,-0.08399999999999996,0.061999999999999986,-0.005,0.0010000000000000009,-0.001,0.31,-0.025,Large central metro
CO,Douglas County,2,Distribution of COVID-19 deaths (%),1482,103,0.02200000000000002,-0.015,-0.003,-0.053,-0.001,0.11699999999999999,-0.025,Large fringe metro
CO,El Paso County,3,Distribution of COVID-19 deaths (%),4669,251,0.028999999999999915,0.01200000000000001,-0.006,-0.028999999999999998,-0.003,0.179,-0.040999999999999995,Medium metro
CO,Jefferson County,2,Distribution of COVID-19 deaths (%),4405,361,-0.05400000000000005,-0.012,-0.005,0.0030000000000000027,-0.001,0.213,-0.02,Large fringe metro
CO,Weld County,3,Distribution of COVID-19 deaths (%),1504,156,-0.039000000000000035,-0.012,-0.006,-0.017,-0.001,0.34,-0.017,Medium metro
CT,Fairfield County,3,Distribution of COVID-19 deaths (%),6607,1468,0.10699999999999998,0.030999999999999986,-0.001,-0.035,0.0,0.114,-0.015,Medium metro
CT,Hartford County,1,Distribution of COVID-19 deaths (%),8021,1491,0.11099999999999999,0.04200000000000001,-0.002,-0.052000000000000005,0.0,0.10099999999999999,-0.018000000000000002,Large central metro
CT,Litchfield County,5,Distribution of COVID-19 deaths (%),1274,138,0.03899999999999981,-0.018000000000000002,-0.002,-0.021,0.0,0.0,-0.013999999999999999,Micropolitan
CT,Middlesex County,2,Distribution of COVID-19 deaths (%),1230,181,0.051000000000000045,0.017,-0.002,-0.032,0.0,0.0,-0.018000000000000002,Large fringe metro
CT,New Haven County,3,Distribution of COVID-19 deaths (%),7661,1126,0.09199999999999997,0.05399999999999999,-0.002,-0.031,0.0,0.09,-0.018000000000000002,Medium metro
CT,New London County,3,Distribution of COVID-19 deaths (%),1864,137,0.11800000000000022,-0.057,-0.008,-0.042,-0.001,0.0,-0.031,Medium metro
DC,District of Columbia,1,Distribution of COVID-19 deaths (%),5877,827,-0.258,0.26199999999999996,-0.002,-0.026999999999999996,0.0,0.155,-0.024,Large central metro
DE,Kent County,4,Distribution of COVID-19 deaths (%),1545,113,-0.01100000000000001,0.09399999999999997,-0.005,-0.023,-0.001,0.0,-0.034,Small metro
DE,New Castle County,2,Distribution of COVID-19 deaths (%),4534,321,0.16000000000000003,-0.027000000000000024,-0.002,-0.057,0.0,0.047,-0.023,Large fringe metro
DE,Sussex County,3,Distribution of COVID-19 deaths (%),2299,224,-0.052000000000000046,0.097,-0.004,-0.013000000000000001,0.0,0.067,-0.019,Medium metro
FL,Alachua County,3,Distribution of COVID-19 deaths (%),3265,280,0.026000000000000023,0.118,-0.003,-0.06,-0.001,0.039,-0.026000000000000002,Medium metro
FL,Bay County,4,Distribution of COVID-19 deaths (%),1766,157,-0.0010000000000000009,0.032,-0.006,-0.023,-0.001,0.07,-0.03,Small metro
FL,Brevard County,3,Distribution of COVID-19 deaths (%),6738,430,0.015000000000000013,0.04400000000000001,-0.003,-0.025,-0.001,0.084,-0.024,Medium metro
FL,Broward County,2,Distribution of COVID-19 deaths (%),14837,1796,0.0,0.05700000000000005,-0.002,-0.016000000000000004,-0.001,0.284,-0.017,Large fringe metro
FL,Charlotte County,4,Distribution of COVID-19 deaths (%),2657,183,0.06400000000000006,-0.054000000000000006,-0.003,-0.013999999999999999,0.0,0.055,-0.013999999999999999,Small metro
FL,Citrus County,4,Distribution of COVID-19 deaths (%),2404,123,0.019000000000000017,-0.028999999999999998,-0.004,-0.016,0.0,0.0,-0.015,Small metro
FL,Clay County,2,Distribution of COVID-19 deaths (%),1989,142,-0.08199999999999996,0.11599999999999999,-0.004,-0.03,-0.001,0.0,-0.028999999999999998,Large fringe metro
FL,Collier County,3,Distribution of COVID-19 deaths (%),3332,297,0.04800000000000004,0.027999999999999997,-0.002,-0.015,0.0,0.22899999999999998,-0.009000000000000001,Medium metro
FL,Duval County,1,Distribution of COVID-19 deaths (%),9336,738,0.11599999999999999,0.009999999999999953,-0.003,-0.033,-0.001,0.037000000000000005,-0.026000000000000002,Large central metro
FL,Escambia County,3,Distribution of COVID-19 deaths (%),4319,377,0.0030000000000000027,0.09900000000000003,-0.008,-0.032,-0.002,0.0,-0.033,Medium metro
FL,Hernando County,2,Distribution of COVID-19 deaths (%),2588,165,0.05399999999999994,-0.052000000000000005,-0.003,-0.013000000000000001,-0.001,0.115,-0.018000000000000002,Large fringe metro
FL,Highlands County,4,Distribution of COVID-19 deaths (%),1586,140,-0.05399999999999994,0.07500000000000001,-0.004,-0.013999999999999999,0.0,0.207,-0.013999999999999999,Small metro
FL,Hillsborough County,1,Distribution of COVID-19 deaths (%),11176,941,0.04299999999999998,0.023999999999999994,-0.002,-0.028999999999999998,-0.001,0.281,-0.021,Large central metro
FL,Lake County,2,Distribution of COVID-19 deaths (%),3792,250,-0.005999999999999894,0.04000000000000001,-0.003,-0.021,-0.001,0.152,-0.018000000000000002,Large fringe metro
FL,Lee County,3,Distribution of COVID-19 deaths (%),6913,534,0.050999999999999934,0.022000000000000006,-0.002,-0.017,0.0,0.18,-0.013000000000000001,Medium metro
FL,Leon County,3,Distribution of COVID-19 deaths (%),2779,293,-0.006000000000000005,0.09899999999999998,-0.002,-0.036000000000000004,0.0,0.0,-0.022000000000000002,Medium metro
FL,Manatee County,3,Distribution of COVID-19 deaths (%),4017,368,-0.018000000000000016,0.06399999999999999,-0.002,-0.022000000000000002,-0.001,0.149,-0.016,Medium metro
FL,Marion County,3,Distribution of COVID-19 deaths (%),4739,319,0.04700000000000004,0.021999999999999992,-0.003,-0.017,-0.001,0.094,-0.017,Medium metro
FL,Martin County,3,Distribution of COVID-19 deaths (%),1875,248,0.0050000000000000044,0.061,-0.002,-0.013999999999999999,-0.001,0.08900000000000001,-0.013000000000000001,Medium metro
FL,Miami-Dade County,1,Distribution of COVID-19 deaths (%),21374,3483,-0.019000000000000003,0.010000000000000009,-0.001,-0.005999999999999998,0.0,0.715,-0.003999999999999999,Large central metro
FL,Okaloosa County,4,Distribution of COVID-19 deaths (%),1805,146,0.04499999999999993,0.006000000000000019,-0.006,-0.03,-0.002,0.068,-0.039,Small metro
FL,Orange County,1,Distribution of COVID-19 deaths (%),9229,765,0.007000000000000062,0.06500000000000003,-0.002,-0.020999999999999998,-0.001,0.295,-0.02,Large central metro
FL,Osceola County,2,Distribution of COVID-19 deaths (%),2353,239,-0.057999999999999996,-0.00899999999999998,-0.002,-0.027000000000000003,-0.001,0.653,-0.015,Large fringe metro
FL,Palm Beach County,2,Distribution of COVID-19 deaths (%),14756,1678,0.06299999999999994,0.016999999999999987,-0.002,-0.018999999999999996,0.0,0.185,-0.013999999999999999,Large fringe metro
FL,Pasco County,2,Distribution of COVID-19 deaths (%),5527,223,0.05300000000000005,-0.057999999999999996,-0.003,-0.027000000000000003,-0.001,0.152,-0.02,Large fringe metro
FL,Pinellas County,1,Distribution of COVID-19 deaths (%),11505,849,0.041000000000000036,0.023000000000000007,-0.002,-0.007000000000000006,-0.001,0.06,-0.02,Large central metro
FL,Polk County,3,Distribution of COVID-19 deaths (%),6531,582,0.04400000000000004,0.06200000000000003,-0.003,-0.018000000000000002,-0.001,0.165,-0.017,Medium metro
FL,St. Lucie County,3,Distribution of COVID-19 deaths (%),3076,224,-0.017999999999999905,0.048000000000000015,-0.002,-0.019,-0.001,0.174,-0.019,Medium metro
FL,Sarasota County,3,Distribution of COVID-19 deaths (%),5443,380,0.015000000000000013,0.012000000000000004,-0.002,-0.018000000000000002,0.0,0.08900000000000001,-0.013999999999999999,Medium metro
FL,Seminole County,2,Distribution of COVID-19 deaths (%),3094,190,0.03300000000000003,0.08,-0.002,-0.048,-0.001,0.142,-0.022000000000000002,Large fringe metro
FL,Volusia County,3,Distribution of COVID-19 deaths (%),6766,368,0.014000000000000012,0.044999999999999984,-0.003,-0.019,0.0,0.114,-0.018000000000000002,Medium metro
GA,Bibb County,4,Distribution of COVID-19 deaths (%),2587,330,0.065,-0.004000000000000115,-0.002,-0.021,-0.001,0.0,-0.015,Small metro
GA,Carroll County,2,Distribution of COVID-19 deaths (%),1107,109,0.09399999999999986,-0.035,-0.003,-0.009000000000000001,0.0,0.0,-0.021,Large fringe metro
GA,Chatham County,3,Distribution of COVID-19 deaths (%),3203,302,0.04500000000000004,0.019000000000000017,-0.002,-0.028999999999999998,-0.001,0.033,-0.021,Medium metro
GA,Clarke County,4,Distribution of COVID-19 deaths (%),1430,161,0.020000000000000018,0.07700000000000001,-0.002,-0.04,0.0,0.062,-0.02,Small metro
GA,Cobb County,2,Distribution of COVID-19 deaths (%),4888,471,0.02400000000000002,0.033999999999999975,-0.002,-0.055,0.0,0.138,-0.023,Large fringe metro
GA,DeKalb County,2,Distribution of COVID-19 deaths (%),4385,334,-0.01799999999999996,0.05999999999999994,-0.001,-0.013000000000000005,0.0,0.06,-0.019,Large fringe metro
GA,Dougherty County,4,Distribution of COVID-19 deaths (%),1278,230,0.041000000000000036,0.010000000000000009,-0.002,-0.009000000000000001,-0.001,0.0,-0.013000000000000001,Small metro
GA,Fayette County,2,Distribution of COVID-19 deaths (%),969,113,-0.20700000000000002,0.32000000000000006,-0.002,-0.05,-0.001,0.0,-0.021,Large fringe metro
GA,Floyd County,4,Distribution of COVID-19 deaths (%),1512,162,0.15900000000000014,-0.06400000000000002,-0.002,-0.013999999999999999,-0.001,0.0,-0.017,Small metro
GA,Fulton County,1,Distribution of COVID-19 deaths (%),8052,767,-0.11700000000000005,0.16599999999999998,-0.001,-0.05399999999999999,0.0,0.09300000000000001,-0.02,Large central metro
GA,Glynn County,4,Distribution of COVID-19 deaths (%),1027,125,0.029000000000000026,0.02100000000000002,-0.002,-0.015,-0.001,0.0,-0.018000000000000002,Small metro
GA,Gwinnett County,2,Distribution of COVID-19 deaths (%),3746,380,0.02200000000000002,-0.02200000000000002,-0.002,-0.039999999999999994,0.0,0.268,-0.024,Large fringe metro
GA,Hall County,4,Distribution of COVID-19 deaths (%),2389,286,0.13,0.007000000000000006,-0.002,-0.02,0.0,0.161,-0.013000000000000001,Small metro
GA,Henry County,2,Distribution of COVID-19 deaths (%),1677,119,-0.013000000000000012,0.04300000000000004,-0.002,-0.033,-0.001,0.0,-0.023,Large fringe metro
GA,Laurens County,5,Distribution of COVID-19 deaths (%),737,111,0.04800000000000004,0.005999999999999894,-0.002,-0.011000000000000001,0.0,0.0,-0.012,Micropolitan
GA,Lowndes County,4,Distribution of COVID-19 deaths (%),1083,167,0.0039999999999998925,0.07,-0.003,-0.021,-0.001,0.0,-0.02,Small metro
GA,Muscogee County,3,Distribution of COVID-19 deaths (%),2506,306,0.041999999999999926,0.04199999999999998,-0.004,-0.027999999999999997,-0.002,0.0,-0.028999999999999998,Medium metro
GA,Richmond County,3,Distribution of COVID-19 deaths (%),3381,414,0.11199999999999999,-0.06299999999999994,-0.003,-0.017,-0.002,0.034,-0.026000000000000002,Medium metro
GA,Spalding County,2,Distribution of COVID-19 deaths (%),1015,107,0.08900000000000008,-0.045999999999999985,-0.003,-0.01,-0.001,0.0,-0.018000000000000002,Large fringe metro
GA,Thomas County,5,Distribution of COVID-19 deaths (%),649,116,-0.07499999999999996,0.08999999999999997,-0.004,-0.01,0.0,0.0,-0.013000000000000001,Micropolitan
GA,Tift County,5,Distribution of COVID-19 deaths (%),579,129,-0.05500000000000005,0.11200000000000004,-0.002,-0.013999999999999999,0.0,0.09300000000000001,-0.012,Micropolitan
GA,Troup County,5,Distribution of COVID-19 deaths (%),734,111,0.03700000000000003,0.033999999999999975,-0.002,-0.023,-0.001,0.0,-0.017,Micropolitan
HI,Honolulu County,3,Distribution of COVID-19 deaths (%),6887,238,-0.12199999999999997,-0.023,-0.002,0.16600000000000004,0.157,0.055,-0.14900000000000002,Medium metro
IA,Black Hawk County,4,Distribution of COVID-19 deaths (%),1282,168,0.024000000000000132,-0.010999999999999996,-0.002,-0.025,-0.004,0.0,-0.027000000000000003,Small metro
IA,Dubuque County,4,Distribution of COVID-19 deaths (%),877,125,0.05400000000000005,-0.035,-0.002,-0.012,-0.006,0.0,-0.021,Small metro
IA,Johnson County,4,Distribution of COVID-19 deaths (%),1604,130,0.051999999999999935,-0.073,-0.002,-0.065,0.0,0.10800000000000001,-0.024,Small metro
IA,Linn County,3,Distribution of COVID-19 deaths (%),1853,216,0.07499999999999996,-0.059000000000000004,-0.002,-0.025,-0.001,0.0,-0.027000000000000003,Medium metro
IA,Polk County,3,Distribution of COVID-19 deaths (%),4418,469,0.07500000000000007,-0.010000000000000009,-0.002,-0.015,0.0,0.055,-0.023,Medium metro
IA,Scott County,3,Distribution of COVID-19 deaths (%),1632,110,0.014000000000000012,0.033,-0.002,-0.027999999999999997,0.0,0.0,-0.027999999999999997,Medium metro
IA,Woodbury County,4,Distribution of COVID-19 deaths (%),1171,203,-0.013000000000000012,-0.043,0.069,0.036000000000000004,-0.004,0.099,-0.027999999999999997,Small metro
ID,Ada County,3,Distribution of COVID-19 deaths (%),3526,315,0.013000000000000123,-0.013000000000000001,-0.005,-0.027000000000000003,-0.002,0.102,-0.027000000000000003,Medium metro
ID,Canyon County,3,Distribution of COVID-19 deaths (%),1344,119,0.016000000000000125,-0.006,-0.006,-0.009000000000000001,-0.003,0.27699999999999997,-0.023,Medium metro
ID,Twin Falls County,5,Distribution of COVID-19 deaths (%),886,114,0.07999999999999996,-0.006999999999999999,-0.006,-0.016,-0.002,0.132,-0.017,Micropolitan
IL,Cook County,1,Distribution of COVID-19 deaths (%),41909,5949,-0.05499999999999999,0.07599999999999998,-0.001,-0.022,0.0,0.262,-0.004999999999999999,Large central metro
IL,DuPage County,2,Distribution of COVID-19 deaths (%),6578,660,0.07299999999999995,0.035,-0.001,-0.061,0.0,0.11199999999999999,-0.018000000000000002,Large fringe metro
IL,Kane County,2,Distribution of COVID-19 deaths (%),3266,391,0.04299999999999993,-0.010000000000000002,-0.001,-0.005999999999999998,0.0,0.307,-0.013999999999999999,Large fringe metro
IL,Lake County,2,Distribution of COVID-19 deaths (%),4945,494,0.01200000000000001,0.040999999999999995,-0.001,-0.047,0.0,0.233,-0.018000000000000002,Large fringe metro
IL,Macon County,4,Distribution of COVID-19 deaths (%),1198,113,0.09199999999999997,-0.024999999999999994,-0.002,-0.011000000000000001,0.0,0.0,-0.028999999999999998,Small metro
IL,Madison County,2,Distribution of COVID-19 deaths (%),2343,166,0.039999999999999925,0.009000000000000008,-0.002,-0.01,-0.001,0.0,-0.02,Large fringe metro
IL,Peoria County,3,Distribution of COVID-19 deaths (%),2679,226,0.16100000000000014,-0.09999999999999999,-0.002,-0.04,0.0,0.049,-0.028999999999999998,Medium metro
IL,Rock Island County,3,Distribution of COVID-19 deaths (%),1410,109,0.08899999999999986,0.023000000000000007,-0.002,-0.026000000000000002,0.0,0.0,-0.025,Medium metro
IL,St. Clair County,2,Distribution of COVID-19 deaths (%),2256,216,0.07799999999999996,-0.015000000000000013,-0.003,-0.015,-0.001,0.0,-0.024,Large fringe metro
IL,Sangamon County,4,Distribution of COVID-19 deaths (%),2440,162,0.1379999999999999,-0.128,-0.002,-0.021,0.0,0.0,-0.024,Small metro
IL,Will County,2,Distribution of COVID-19 deaths (%),4221,436,-0.007000000000000006,0.07600000000000001,-0.001,-0.027000000000000003,0.0,0.154,-0.016,Large fringe metro
IL,Winnebago County,3,Distribution of COVID-19 deaths (%),3049,283,0.05399999999999994,0.01899999999999999,-0.002,-0.027999999999999997,0.0,0.095,-0.025,Medium metro
IN,Allen County,3,Distribution of COVID-19 deaths (%),4117,386,0.08599999999999997,-0.010999999999999996,-0.003,-0.017,0.0,0.049,-0.028999999999999998,Medium metro
IN,Delaware County,4,Distribution of COVID-19 deaths (%),1386,124,0.08700000000000008,-0.07,-0.002,-0.013000000000000001,-0.001,0.0,-0.023,Small metro
IN,Elkhart County,4,Distribution of COVID-19 deaths (%),1673,207,0.09499999999999997,0.007000000000000006,-0.002,-0.011000000000000001,0.0,0.087,-0.021,Small metro
IN,Floyd County,2,Distribution of COVID-19 deaths (%),967,104,0.04799999999999993,-0.054000000000000006,-0.002,-0.012,0.0,0.0,-0.022000000000000002,Large fringe metro
IN,Hamilton County,2,Distribution of COVID-19 deaths (%),1811,160,0.052999999999999936,0.044000000000000004,-0.001,-0.064,0.0,0.0,-0.02,Large fringe metro
IN,Hendricks County,2,Distribution of COVID-19 deaths (%),1390,182,0.05599999999999994,0.023000000000000007,-0.002,-0.03,0.0,0.0,-0.02,Large fringe metro
IN,Johnson County,2,Distribution of COVID-19 deaths (%),1054,113,0.06800000000000006,-0.024,-0.002,-0.039,-0.001,0.0,-0.018000000000000002,Large fringe metro
IN,Lake County,2,Distribution of COVID-19 deaths (%),5569,574,-0.030999999999999917,0.13799999999999998,-0.002,-0.016,0.0,0.11800000000000001,-0.015,Large fringe metro
IN,Madison County,2,Distribution of COVID-19 deaths (%),1240,127,0.04400000000000004,-0.084,-0.002,-0.006,0.0,0.0,-0.019,Large fringe metro
IN,Marion County,1,Distribution of COVID-19 deaths (%),9497,1059,0.07799999999999996,0.02300000000000002,-0.002,-0.027999999999999997,0.0,0.057999999999999996,-0.027000000000000003,Large central metro
IN,St. Joseph County,3,Distribution of COVID-19 deaths (%),2755,241,0.04500000000000004,0.033,-0.003,-0.026000000000000002,-0.001,0.05,-0.027999999999999997,Medium metro
IN,Vanderburgh County,3,Distribution of COVID-19 deaths (%),2441,214,0.06399999999999995,-0.012999999999999984,-0.002,-0.013999999999999999,-0.002,0.0,-0.027999999999999997,Medium metro
IN,Vigo County,4,Distribution of COVID-19 deaths (%),1322,129,0.09499999999999997,-0.073,-0.003,-0.021,0.0,0.0,-0.023,Small metro
KS,Johnson County,2,Distribution of COVID-19 deaths (%),3784,305,-0.008999999999999897,0.027999999999999997,-0.003,-0.053,0.0,0.08900000000000001,-0.024,Large fringe metro
KS,Sedgwick County,3,Distribution of COVID-19 deaths (%),5087,342,0.05900000000000005,0.007000000000000006,-0.008,-0.045,-0.001,0.114,-0.033,Medium metro
KS,Shawnee County,4,Distribution of COVID-19 deaths (%),2018,158,0.050999999999999934,-0.077,-0.009000000000000001,-0.015,-0.001,0.095,-0.036000000000000004,Small metro
KS,Wyandotte County,2,Distribution of COVID-19 deaths (%),1781,217,0.07699999999999996,0.10300000000000001,-0.004,-0.052000000000000005,-0.002,0.138,-0.027000000000000003,Large fringe metro
KY,Fayette County,3,Distribution of COVID-19 deaths (%),4234,163,0.017000000000000015,0.010000000000000009,-0.002,-0.040999999999999995,0.0,0.086,-0.026000000000000002,Medium metro
KY,Jefferson County,1,Distribution of COVID-19 deaths (%),9258,686,0.06499999999999995,-0.00899999999999998,-0.001,-0.013999999999999999,0.0,0.042,-0.024,Large central metro
KY,Warren County,4,Distribution of COVID-19 deaths (%),1414,144,0.15799999999999992,-0.095,-0.002,-0.044000000000000004,-0.005,0.0,-0.026000000000000002,Small metro
LA,Caddo Parish,3,Distribution of COVID-19 deaths (%),3651,629,0.016000000000000014,0.029000000000000026,-0.004,-0.013000000000000001,0.0,0.0,-0.016,Medium metro
LA,Calcasieu Parish,4,Distribution of COVID-19 deaths (%),1912,211,-0.016999999999999904,0.07200000000000001,-0.005,-0.013000000000000001,0.0,0.0,-0.019,Small metro
LA,East Baton Rouge Parish,3,Distribution of COVID-19 deaths (%),5267,831,0.0020000000000000018,0.062,-0.002,-0.033,0.0,0.018000000000000002,-0.013999999999999999,Medium metro
LA,Jefferson Parish,2,Distribution of COVID-19 deaths (%),5033,855,-0.123,0.23299999999999998,-0.004,-0.029,0.0,0.084,-0.015,Large fringe metro
LA,Lafayette Parish,3,Distribution of COVID-19 deaths (%),2432,279,-0.06800000000000006,0.11499999999999999,-0.003,-0.019,0.0,0.036000000000000004,-0.015,Medium metro
LA,Lafourche Parish,4,Distribution of COVID-19 deaths (%),856,136,-0.09200000000000008,0.15399999999999997,-0.027999999999999997,-0.008,0.0,0.0,-0.018000000000000002,Small metro
LA,Orleans Parish,1,Distribution of COVID-19 deaths (%),3666,446,-0.057999999999999996,0.10999999999999999,-0.002,-0.028999999999999998,0.0,0.04,-0.013999999999999999,Large central metro
LA,Ouachita Parish,4,Distribution of COVID-19 deaths (%),1800,281,-0.03399999999999992,0.06,-0.003,-0.01,0.0,0.0,-0.012,Small metro
LA,Rapides Parish,4,Distribution of COVID-19 deaths (%),1843,259,-0.062000000000000055,0.09599999999999997,-0.008,-0.013999999999999999,0.0,0.0,-0.019,Small metro
LA,St. Landry Parish,5,Distribution of COVID-19 deaths (%),868,121,0.07499999999999996,-0.03200000000000003,-0.003,-0.004,0.0,0.0,-0.012,Micropolitan
LA,St. Tammany Parish,2,Distribution of COVID-19 deaths (%),2460,293,-0.05300000000000005,0.10999999999999999,-0.005,-0.013999999999999999,0.0,0.0,-0.018000000000000002,Large fringe metro
LA,Tangipahoa Parish,4,Distribution of COVID-19 deaths (%),1141,111,0.018000000000000016,0.03199999999999997,-0.003,-0.006999999999999999,0.0,0.0,-0.013999999999999999,Small metro
LA,Terrebonne Parish,4,Distribution of COVID-19 deaths (%),1030,115,-0.030000000000000027,0.098,-0.057999999999999996,-0.01,-0.001,0.0,-0.026000000000000002,Small metro
MA,Barnstable County,4,Distribution of COVID-19 deaths (%),2394,138,0.06900000000000006,-0.032,-0.006,-0.015,0.0,0.0,-0.018000000000000002,Small metro
MA,Bristol County,2,Distribution of COVID-19 deaths (%),4635,614,0.061000000000000054,-0.012999999999999998,-0.002,-0.024,-0.001,0.033,0.019,Large fringe metro
MA,Essex County,2,Distribution of COVID-19 deaths (%),6685,1066,0.14900000000000013,-0.0050000000000000044,-0.001,-0.025000000000000005,0.0,0.114,-0.013999999999999999,Large fringe metro
MA,Hampden County,3,Distribution of COVID-19 deaths (%),5038,728,0.16899999999999993,0.0049999999999999906,-0.001,-0.026000000000000002,0.0,0.11699999999999999,-0.017,Medium metro
MA,Hampshire County,3,Distribution of COVID-19 deaths (%),1079,115,0.09700000000000009,-0.028999999999999998,-0.002,-0.055999999999999994,0.0,0.0,-0.021,Medium metro
MA,Middlesex County,2,Distribution of COVID-19 deaths (%),10649,1975,0.1459999999999999,0.0010000000000000078,-0.001,-0.08900000000000001,0.0,0.04,-0.014000000000000002,Large fringe metro
MA,Norfolk County,2,Distribution of COVID-19 deaths (%),5100,795,0.09099999999999997,0.0020000000000000018,-0.001,-0.05500000000000001,0.0,0.026000000000000002,-0.019,Large fringe metro
MA,Plymouth County,2,Distribution of COVID-19 deaths (%),4190,652,0.0020000000000000018,0.041999999999999996,-0.002,-0.016,-0.001,0.021,-0.019,Large fringe metro
MA,Suffolk County,1,Distribution of COVID-19 deaths (%),7835,1344,0.10500000000000004,0.030999999999999972,-0.002,-0.033,-0.001,0.141,-0.01,Large central metro
MA,Worcester County,3,Distribution of COVID-19 deaths (%),6969,1040,0.11299999999999999,-0.017,-0.002,-0.038,0.0,0.062,0.0009999999999999974,Medium metro
MD,Anne Arundel County,2,Distribution of COVID-19 deaths (%),4152,375,-0.04999999999999993,0.124,-0.003,-0.040999999999999995,-0.001,0.061,-0.03,Large fringe metro
MD,Baltimore County,2,Distribution of COVID-19 deaths (%),7722,745,-0.05699999999999994,0.133,-0.003,-0.036,0.0,0.042,-0.023,Large fringe metro
MD,Carroll County,2,Distribution of COVID-19 deaths (%),1484,163,0.007000000000000006,0.04899999999999999,-0.002,-0.02,0.0,0.0,-0.018000000000000002,Large fringe metro
MD,Frederick County,2,Distribution of COVID-19 deaths (%),1728,149,0.06799999999999995,0.05499999999999999,-0.002,-0.048,-0.001,0.0,-0.027000000000000003,Large fringe metro
MD,Howard County,2,Distribution of COVID-19 deaths (%),1572,116,-0.062,0.09699999999999998,-0.002,-0.05399999999999999,-0.001,0.121,-0.034,Large fringe metro
MD,Montgomery County,2,Distribution of COVID-19 deaths (%),7005,1231,-0.015000000000000013,0.08800000000000002,-0.002,-0.07100000000000001,0.0,0.22,-0.027999999999999997,Large fringe metro
MD,Prince George's County,2,Distribution of COVID-19 deaths (%),5274,658,0.0059999999999999915,0.08399999999999996,-0.002,-0.018000000000000002,0.0,0.141,-0.02,Large fringe metro
MD,Baltimore city,1,Distribution of COVID-19 deaths (%),8083,753,-0.02699999999999997,0.007000000000000006,-0.003,0.001999999999999995,0.0,0.094,-0.019,Large central metro
MI,Genesee County,3,Distribution of COVID-19 deaths (%),4363,346,-0.13400000000000012,0.16099999999999998,-0.005,-0.01,0.0,0.032,-0.026000000000000002,Medium metro
MI,Ingham County,3,Distribution of COVID-19 deaths (%),2679,130,-0.03699999999999992,0.137,-0.004,-0.069,0.0,0.077,-0.037000000000000005,Medium metro
MI,Jackson County,4,Distribution of COVID-19 deaths (%),1614,128,-0.04799999999999993,0.109,-0.003,-0.009000000000000001,0.0,0.0,-0.027000000000000003,Small metro
MI,Kalamazoo County,3,Distribution of COVID-19 deaths (%),2664,190,-0.007000000000000006,0.006999999999999992,-0.004,-0.027999999999999997,0.0,0.07400000000000001,-0.033,Medium metro
MI,Kent County,1,Distribution of COVID-19 deaths (%),5321,314,-0.0010000000000000009,0.03700000000000002,-0.003,-0.033,0.0,0.121,-0.025,Large central metro
MI,Macomb County,2,Distribution of COVID-19 deaths (%),7234,804,-0.05700000000000005,0.10200000000000001,-0.003,-0.022000000000000002,0.0,0.0,-0.004,Large fringe metro
MI,Muskegon County,4,Distribution of COVID-19 deaths (%),1628,135,-0.031000000000000028,0.03300000000000003,-0.008,-0.006,0.0,0.08900000000000001,-0.027000000000000003,Small metro
MI,Oakland County,2,Distribution of COVID-19 deaths (%),11995,1567,-0.10499999999999998,0.206,-0.002,-0.063,0.0,0.018000000000000002,-0.011000000000000001,Large fringe metro
MI,Saginaw County,4,Distribution of COVID-19 deaths (%),2383,241,0.1060000000000001,-0.05499999999999999,-0.003,-0.013999999999999999,0.0,0.066,-0.02,Small metro
MI,Washtenaw County,3,Distribution of COVID-19 deaths (%),3400,297,-0.08499999999999996,0.22000000000000003,-0.003,-0.09300000000000001,0.0,0.0,-0.033,Medium metro
MI,Wayne County,1,Distribution of COVID-19 deaths (%),18225,2505,-0.12699999999999995,0.19199999999999995,-0.003,-0.027000000000000003,0.0,0.024,0.0020000000000000018,Large central metro
MN,Anoka County,2,Distribution of COVID-19 deaths (%),1974,252,0.10799999999999998,-0.07200000000000001,-0.006,-0.049,0.0,0.0,-0.027000000000000003,Large fringe metro
MN,Hennepin County,1,Distribution of COVID-19 deaths (%),9822,1179,0.09299999999999997,-0.013000000000000012,0.011000000000000003,-0.037,0.0,0.04,-0.028999999999999998,Large central metro
MN,Ramsey County,1,Distribution of COVID-19 deaths (%),4831,620,0.11199999999999999,-0.037000000000000005,-0.006,-0.041999999999999996,0.0,0.068,-0.033,Large central metro
MN,St. Louis County,3,Distribution of COVID-19 deaths (%),2390,139,0.049000000000000155,-0.016,-0.022000000000000002,-0.011000000000000001,0.0,0.0,-0.024,Medium metro
MN,Stearns County,4,Distribution of COVID-19 deaths (%),1551,143,0.06400000000000006,-0.076,-0.003,-0.023,0.0,0.0,-0.017,Small metro
MO,Boone County,4,Distribution of COVID-19 deaths (%),1891,116,0.121,-0.096,-0.003,-0.05,-0.001,0.0,-0.031,Small metro
MO,Cape Girardeau County,4,Distribution of COVID-19 deaths (%),1246,117,0.06799999999999995,-0.077,-0.003,-0.019,0.0,0.0,-0.021,Small metro
MO,Clay County,2,Distribution of COVID-19 deaths (%),2089,190,0.08999999999999997,-0.069,-0.005,-0.024,-0.003,0.0,-0.028999999999999998,Large fringe metro
MO,Cole County,4,Distribution of COVID-19 deaths (%),856,122,0.12100000000000011,-0.12,-0.003,-0.013999999999999999,-0.001,0.0,-0.02,Small metro
MO,Greene County,3,Distribution of COVID-19 deaths (%),3838,357,0.09199999999999986,-0.033,-0.006,-0.022000000000000002,-0.001,0.0,-0.028999999999999998,Medium metro
MO,Jackson County,1,Distribution of COVID-19 deaths (%),6794,371,0.0020000000000000018,0.027999999999999997,-0.004,-0.019,-0.003,0.075,-0.031,Large central metro
MO,Newton County,4,Distribution of COVID-19 deaths (%),1342,148,0.010000000000000009,-0.009000000000000001,-0.023,-0.013999999999999999,-0.01,0.0,-0.04,Small metro
MO,St. Charles County,2,Distribution of COVID-19 deaths (%),2680,223,0.03200000000000003,0.028999999999999998,-0.002,-0.027000000000000003,0.0,0.0,-0.02,Large fringe metro
MO,St. Louis County,2,Distribution of COVID-19 deaths (%),11275,1113,0.014000000000000012,0.056999999999999995,-0.002,-0.032,0.0,0.012,-0.021,Large fringe metro
MO,St. Louis city,1,Distribution of COVID-19 deaths (%),4141,301,-0.0050000000000000044,0.04300000000000004,-0.002,-0.035,0.0,0.043,-0.024,Large central metro
MS,DeSoto County,2,Distribution of COVID-19 deaths (%),1377,166,-0.15500000000000003,0.196,-0.002,-0.016,0.0,0.0,-0.013999999999999999,Large fringe metro
MS,Forrest County,4,Distribution of COVID-19 deaths (%),1422,241,0.05300000000000005,-0.02100000000000002,-0.002,-0.011000000000000001,0.0,0.0,-0.013000000000000001,Small metro
MS,Harrison County,3,Distribution of COVID-19 deaths (%),2089,135,0.07999999999999996,-0.0020000000000000018,-0.004,-0.027999999999999997,-0.001,0.0,-0.026000000000000002,Medium metro
MS,Hinds County,3,Distribution of COVID-19 deaths (%),4146,590,0.124,-0.18300000000000005,0.067,-0.006999999999999999,0.0,0.0,-0.009000000000000001,Medium metro
MS,Jackson County,3,Distribution of COVID-19 deaths (%),1345,120,0.04300000000000004,0.021999999999999992,-0.004,-0.023,-0.001,0.0,-0.02,Medium metro
MS,Lafayette County,5,Distribution of COVID-19 deaths (%),698,133,-0.15300000000000014,0.201,-0.002,-0.022000000000000002,0.0,0.0,-0.012,Micropolitan
MS,Lauderdale County,5,Distribution of COVID-19 deaths (%),1314,285,-0.12700000000000006,0.02900000000000008,0.12100000000000001,-0.006999999999999999,0.0,0.0,-0.01,Micropolitan
MS,Lee County,5,Distribution of COVID-19 deaths (%),1946,275,-0.0129999999999999,0.046999999999999986,-0.002,-0.01,0.0,0.0,-0.013000000000000001,Micropolitan
MS,Lowndes County,5,Distribution of COVID-19 deaths (%),709,102,-0.061,0.09500000000000003,-0.002,-0.01,0.0,0.0,-0.01,Micropolitan
MS,Washington County,5,Distribution of COVID-19 deaths (%),651,113,-0.07999999999999999,0.08599999999999997,-0.001,-0.008,0.0,0.0,-0.006999999999999999,Micropolitan
MT,Yellowstone County,4,Distribution of COVID-19 deaths (%),1871,226,-0.31000000000000016,-0.006999999999999999,0.34,-0.006999999999999999,-0.001,0.049,-0.027000000000000003,Small metro
NC,Buncombe County,3,Distribution of COVID-19 deaths (%),2528,119,0.007999999999999896,-0.06,-0.003,-0.013000000000000001,-0.001,0.092,-0.021,Medium metro
NC,Durham County,3,Distribution of COVID-19 deaths (%),2269,155,0.015000000000000013,0.05699999999999994,-0.003,-0.053,0.0,0.12300000000000001,-0.021,Medium metro
NC,Forsyth County,3,Distribution of COVID-19 deaths (%),3296,142,0.04399999999999993,-0.068,-0.003,-0.025,-0.001,0.16899999999999998,-0.019,Medium metro
NC,Guilford County,3,Distribution of COVID-19 deaths (%),3459,226,-0.011999999999999955,0.041000000000000036,-0.004,0.000999999999999994,-0.001,0.071,-0.022000000000000002,Medium metro
NC,Mecklenburg County,1,Distribution of COVID-19 deaths (%),5400,354,0.07900000000000001,0.01799999999999996,-0.003,-0.062,0.0,0.09,-0.021,Large central metro
NC,Wake County,1,Distribution of COVID-19 deaths (%),4372,285,-0.050999999999999934,0.119,-0.003,-0.076,0.0,0.109,-0.022000000000000002,Large central metro
ND,Burleigh County,4,Distribution of COVID-19 deaths (%),1025,136,0.008000000000000007,-0.023,0.041,-0.009000000000000001,-0.001,0.0,-0.018000000000000002,Small metro
ND,Cass County,4,Distribution of COVID-19 deaths (%),1778,232,-0.015000000000000013,-0.062,0.09600000000000002,-0.033,0.0,0.0,-0.02,Small metro
NE,Douglas County,3,Distribution of COVID-19 deaths (%),4827,442,0.052999999999999936,-0.017999999999999988,-0.005,-0.043,-0.001,0.14,-0.025,Medium metro
NE,Lancaster County,3,Distribution of COVID-19 deaths (%),2497,143,0.019000000000000017,-0.04,-0.006,-0.047,-0.001,0.091,-0.027000000000000003,Medium metro
NH,Hillsborough County,3,Distribution of COVID-19 deaths (%),3259,340,-0.040000000000000036,-0.025,-0.002,-0.044000000000000004,0.0,0.028999999999999998,0.12000000000000001,Medium metro
NJ,Atlantic County,3,Distribution of COVID-19 deaths (%),2654,236,0.07700000000000007,0.03200000000000003,-0.002,-0.079,0.0,0.14800000000000002,-0.02,Medium metro
NJ,Bergen County,2,Distribution of COVID-19 deaths (%),8513,2138,0.07999999999999996,0.023,-0.001,-0.06799999999999998,0.0,0.188,-0.015,Large fringe metro
NJ,Burlington County,2,Distribution of COVID-19 deaths (%),3380,493,0.07299999999999995,0.026000000000000023,-0.002,-0.033,-0.001,0.045,-0.025,Large fringe metro
NJ,Camden County,2,Distribution of COVID-19 deaths (%),5639,632,0.05900000000000005,0.035,-0.002,-0.01800000000000001,0.0,0.11599999999999999,-0.019,Large fringe metro
NJ,Cumberland County,4,Distribution of COVID-19 deaths (%),1403,129,0.10399999999999998,-0.032,-0.006,-0.013000000000000001,0.0,0.264,-0.022000000000000002,Small metro
NJ,Essex County,1,Distribution of COVID-19 deaths (%),7935,2114,-0.007000000000000006,0.07,-0.002,-0.012000000000000004,0.0,0.198,-0.015,Large central metro
NJ,Gloucester County,2,Distribution of COVID-19 deaths (%),2398,241,-0.015000000000000013,0.05399999999999999,-0.001,-0.03,0.0,0.0,-0.02,Large fringe metro
NJ,Hudson County,1,Distribution of COVID-19 deaths (%),4019,1122,-0.06599999999999998,0.01200000000000001,-0.001,-0.07800000000000001,-0.001,0.573,-0.015,Large central metro
NJ,Hunterdon County,2,Distribution of COVID-19 deaths (%),783,127,-0.0040000000000000036,-0.024,-0.001,0.034999999999999996,-0.001,0.0,-0.013999999999999999,Large fringe metro
NJ,Mercer County,3,Distribution of COVID-19 deaths (%),2880,552,0.03799999999999998,0.09499999999999997,-0.002,-0.06999999999999999,-0.001,0.141,-0.019,Medium metro
NJ,Middlesex County,2,Distribution of COVID-19 deaths (%),7063,1530,0.06599999999999995,0.04200000000000001,-0.002,-0.11099999999999999,0.0,0.235,-0.015,Large fringe metro
NJ,Monmouth County,2,Distribution of COVID-19 deaths (%),6016,886,0.03400000000000003,0.013999999999999999,-0.001,-0.010000000000000002,0.0,0.08,-0.015,Large fringe metro
NJ,Morris County,2,Distribution of COVID-19 deaths (%),4992,1025,0.041999999999999926,0.037000000000000005,-0.001,-0.057999999999999996,0.0,0.131,-0.016,Large fringe metro
NJ,Ocean County,2,Distribution of COVID-19 deaths (%),6416,874,0.008000000000000007,0.0040000000000000036,-0.001,-0.002999999999999999,0.0,0.094,-0.011000000000000001,Large fringe metro
NJ,Passaic County,2,Distribution of COVID-19 deaths (%),4046,1038,0.0050000000000000044,0.034,-0.001,-0.009000000000000008,0.0,0.409,-0.012,Large fringe metro
NJ,Somerset County,2,Distribution of COVID-19 deaths (%),2233,425,0.16300000000000003,0.034,-0.001,-0.14100000000000001,0.0,0.115,-0.017,Large fringe metro
NJ,Sussex County,2,Distribution of COVID-19 deaths (%),1074,159,-0.06999999999999995,0.11,-0.001,-0.02,0.0,0.075,-0.013999999999999999,Large fringe metro
NJ,Union County,1,Distribution of COVID-19 deaths (%),4518,1049,0.00599999999999995,0.06700000000000003,-0.001,-0.012000000000000004,0.0,0.27899999999999997,-0.013999999999999999,Large central metro
NJ,Warren County,3,Distribution of COVID-19 deaths (%),894,140,0.06699999999999995,-0.051,-0.001,-0.027999999999999997,0.0,0.0,-0.013999999999999999,Medium metro
NM,Bernalillo County,3,Distribution of COVID-19 deaths (%),6336,494,-0.125,-0.026000000000000002,0.36800000000000005,-0.026000000000000002,-0.001,0.304,-0.019,Medium metro
NM,Dona Ana County,4,Distribution of COVID-19 deaths (%),1675,133,-0.04100000000000001,-0.016,-0.008,-0.011000000000000001,-0.001,0.7290000000000001,-0.011000000000000001,Small metro
NM,McKinley County,5,Distribution of COVID-19 deaths (%),513,106,-0.083,-0.005,0.09799999999999998,-0.01,0.0,0.094,-0.018000000000000002,Micropolitan
NM,Sandoval County,3,Distribution of COVID-19 deaths (%),1156,117,-0.254,-0.021,0.5209999999999999,-0.013999999999999999,-0.001,0.154,-0.02,Medium metro
NM,San Juan County,4,Distribution of COVID-19 deaths (%),1062,215,-0.043999999999999984,-0.006,0.19399999999999995,-0.005,-0.001,0.07400000000000001,-0.021,Small metro
NV,Clark County,1,Distribution of COVID-19 deaths (%),17107,1646,-0.006000000000000005,0.02399999999999998,-0.005,0.034,0.003000000000000001,0.301,-0.045,Large central metro
NV,Washoe County,3,Distribution of COVID-19 deaths (%),4194,250,-0.05899999999999994,-0.023,0.031000000000000003,0.034,-0.006,0.28,-0.035,Medium metro
NY,Albany County,3,Distribution of COVID-19 deaths (%),3411,238,0.09200000000000008,-0.009999999999999995,-0.001,-0.068,0.0,0.046,-0.025,Medium metro
NY,Bronx County,1,Distribution of COVID-19 deaths (%),14646,4353,0.04000000000000001,0.02300000000000002,-0.003,-0.0049999999999999975,0.0,0.469,0.039999999999999994,Large central metro
NY,Broome County,4,Distribution of COVID-19 deaths (%),2150,170,0.132,-0.055999999999999994,-0.002,-0.044000000000000004,0.0,0.0,-0.027000000000000003,Small metro
NY,Dutchess County,2,Distribution of COVID-19 deaths (%),2443,221,0.013000000000000123,0.05700000000000001,-0.002,-0.036000000000000004,0.0,0.10400000000000001,-0.021,Large fringe metro
NY,Erie County,1,Distribution of COVID-19 deaths (%),9457,874,0.05499999999999994,0.013999999999999985,-0.006,-0.024,0.0,0.03,-0.018000000000000002,Large central metro
NY,Kings County,1,Distribution of COVID-19 deaths (%),19817,6193,-0.07800000000000001,0.10599999999999998,-0.002,-0.05099999999999999,0.0,0.201,0.012,Large central metro
NY,Monroe County,1,Distribution of COVID-19 deaths (%),7038,388,0.07999999999999996,0.0030000000000000027,-0.002,-0.036000000000000004,0.0,0.046,-0.022000000000000002,Large central metro
NY,Nassau County,2,Distribution of COVID-19 deaths (%),13348,3298,-0.04299999999999993,0.08600000000000002,-0.001,-0.03299999999999999,0.0,0.16899999999999998,-0.004999999999999999,Large fringe metro
NY,New York County,1,Distribution of COVID-19 deaths (%),15603,4046,-0.17500000000000004,0.093,-0.001,-0.039999999999999994,0.0,0.359,0.021,Large central metro
NY,Oneida County,3,Distribution of COVID-19 deaths (%),2394,160,0.07500000000000007,-0.062,-0.002,-0.040999999999999995,0.0,0.0,-0.02,Medium metro
NY,Onondaga County,3,Distribution of COVID-19 deaths (%),4804,284,0.014000000000000012,0.013000000000000012,-0.006999999999999999,0.017999999999999995,0.0,0.0,-0.027999999999999997,Medium metro
NY,Orange County,2,Distribution of COVID-19 deaths (%),2855,509,-0.039999999999999925,0.053000000000000005,-0.002,-0.027999999999999997,0.0,0.22399999999999998,-0.021,Large fringe metro
NY,Queens County,1,Distribution of COVID-19 deaths (%),17061,5519,0.0030000000000000027,0.03900000000000001,-0.003,-0.07300000000000001,-0.001,0.295,0.020999999999999994,Large central metro
NY,Richmond County,1,Distribution of COVID-19 deaths (%),4129,1025,0.020000000000000018,0.04299999999999998,-0.001,-0.047,0.0,0.142,0.028999999999999998,Large central metro
NY,Rockland County,2,Distribution of COVID-19 deaths (%),2496,684,-0.05800000000000005,0.09100000000000003,-0.001,-0.003999999999999997,0.0,0.168,-0.015,Large fringe metro
NY,Suffolk County,2,Distribution of COVID-19 deaths (%),13289,2748,0.0,0.029000000000000012,-0.002,-0.012999999999999998,0.0,0.195,-0.006999999999999999,Large fringe metro
NY,Westchester County,2,Distribution of COVID-19 deaths (%),7885,1957,0.04500000000000004,0.04199999999999998,-0.001,-0.034,0.0,0.213,-0.01,Large fringe metro
OH,Allen County,4,Distribution of COVID-19 deaths (%),1312,128,0.09999999999999998,-0.036000000000000004,-0.002,-0.008,0.0,0.0,-0.028999999999999998,Small metro
OH,Butler County,2,Distribution of COVID-19 deaths (%),2748,144,0.001000000000000112,0.07899999999999997,-0.002,-0.038,-0.001,0.0,-0.024,Large fringe metro
OH,Cuyahoga County,1,Distribution of COVID-19 deaths (%),14272,896,0.10300000000000009,-0.018000000000000016,-0.002,-0.033,0.0,0.023,-0.02,Large central metro
OH,Franklin County,1,Distribution of COVID-19 deaths (%),11842,945,0.06699999999999995,0.01100000000000001,-0.002,-0.026000000000000002,0.0,0.034,-0.031,Large central metro
OH,Hamilton County,1,Distribution of COVID-19 deaths (%),8798,483,0.10999999999999999,-0.04500000000000001,-0.001,-0.028999999999999998,-0.001,0.0,-0.024,Large central metro
OH,Lucas County,3,Distribution of COVID-19 deaths (%),5070,506,0.050999999999999934,0.00799999999999998,-0.002,-0.017,0.0,0.055,-0.028999999999999998,Medium metro
OH,Mahoning County,3,Distribution of COVID-19 deaths (%),3234,334,0.08099999999999996,-0.0030000000000000027,-0.002,-0.009000000000000001,0.0,0.0,-0.02,Medium metro
OH,Montgomery County,3,Distribution of COVID-19 deaths (%),6726,437,0.04100000000000015,0.010000000000000009,-0.002,-0.023,0.0,0.0,-0.027000000000000003,Medium metro
OH,Stark County,3,Distribution of COVID-19 deaths (%),3997,247,0.05700000000000005,-0.0050000000000000044,-0.002,-0.009000000000000001,0.0,0.0,-0.026000000000000002,Medium metro
OH,Summit County,3,Distribution of COVID-19 deaths (%),5402,289,0.008000000000000007,0.04599999999999996,-0.002,-0.039,0.0,0.0,-0.025,Medium metro
OK,Cleveland County,2,Distribution of COVID-19 deaths (%),1721,159,0.12299999999999989,-0.052000000000000005,-0.046,-0.047,-0.001,0.075,-0.055,Large fringe metro
OK,Oklahoma County,1,Distribution of COVID-19 deaths (%),8981,654,0.134,-0.055999999999999994,0.036000000000000004,-0.014000000000000002,-0.001,0.10400000000000001,-0.047,Large central metro
OK,Tulsa County,3,Distribution of COVID-19 deaths (%),7298,583,0.07699999999999996,-0.038000000000000006,0.065,-0.013000000000000001,-0.001,0.051,-0.016000000000000007,Medium metro
OR,Multnomah County,1,Distribution of COVID-19 deaths (%),5856,258,-0.024000000000000132,-0.001999999999999988,-0.006999999999999999,-0.021000000000000005,-0.006,0.19,-0.046,Large central metro
OR,Washington County,2,Distribution of COVID-19 deaths (%),3084,119,0.09600000000000009,-0.022000000000000002,-0.005,-0.114,-0.005,0.168,-0.042,Large fringe metro
PA,Allegheny County,1,Distribution of COVID-19 deaths (%),14310,615,0.05300000000000016,0.01100000000000001,-0.001,-0.042,0.0,0.0,-0.022000000000000002,Large central metro
PA,Beaver County,2,Distribution of COVID-19 deaths (%),1679,151,-0.016999999999999793,0.05600000000000001,-0.001,-0.006,0.0,0.0,-0.021,Large fringe metro
PA,Berks County,3,Distribution of COVID-19 deaths (%),3542,435,0.05600000000000005,0.0010000000000000078,-0.001,-0.013999999999999999,0.0,0.184,-0.013999999999999999,Medium metro
PA,Bucks County,2,Distribution of COVID-19 deaths (%),5450,643,0.07100000000000006,0.007000000000000006,-0.001,-0.035,0.0,0.03,-0.016,Large fringe metro
PA,Chester County,2,Distribution of COVID-19 deaths (%),3858,455,0.03700000000000003,0.068,-0.001,-0.061,0.0,0.024,-0.017,Large fringe metro
PA,Cumberland County,3,Distribution of COVID-19 deaths (%),2260,161,0.04200000000000004,0.032999999999999995,-0.001,-0.047,0.0,0.0,-0.02,Medium metro
PA,Dauphin County,3,Distribution of COVID-19 deaths (%),2995,246,0.06999999999999995,0.0050000000000000044,-0.002,0.000999999999999994,0.0,0.049,-0.027999999999999997,Medium metro
PA,Delaware County,2,Distribution of COVID-19 deaths (%),4764,795,0.019000000000000128,0.065,-0.001,-0.044,0.0,0.023,-0.02,Large fringe metro
PA,Franklin County,4,Distribution of COVID-19 deaths (%),1433,106,0.0129999999999999,-0.035,-0.002,-0.01,0.0,0.0,-0.018000000000000002,Small metro
PA,Lackawanna County,3,Distribution of COVID-19 deaths (%),2713,261,0.11699999999999999,-0.031,-0.001,-0.03,0.0,0.0,-0.015,Medium metro
PA,Lancaster County,3,Distribution of COVID-19 deaths (%),4697,494,0.08899999999999986,-0.016000000000000004,-0.001,-0.024,0.0,0.057,-0.016,Medium metro
PA,Lehigh County,3,Distribution of COVID-19 deaths (%),4450,576,0.16500000000000004,-0.0030000000000000096,-0.001,-0.036000000000000004,0.0,0.142,-0.016,Medium metro
PA,Luzerne County,3,Distribution of COVID-19 deaths (%),3575,262,0.10799999999999998,-0.042,-0.001,-0.013000000000000001,0.0,0.076,-0.013000000000000001,Medium metro
PA,Monroe County,4,Distribution of COVID-19 deaths (%),1234,118,0.118,0.007000000000000034,-0.002,-0.025,-0.001,0.0,-0.021,Small metro
PA,Montgomery County,2,Distribution of COVID-19 deaths (%),8008,1218,-0.09699999999999998,0.17999999999999997,-0.001,-0.045,0.0,0.034,-0.02,Large fringe metro
PA,Northampton County,3,Distribution of COVID-19 deaths (%),2510,293,0.123,-0.007999999999999993,-0.001,-0.028999999999999998,0.0,0.055,-0.018000000000000002,Medium metro
PA,Philadelphia County,1,Distribution of COVID-19 deaths (%),14756,1834,0.02200000000000002,0.08599999999999997,-0.002,-0.03,0.0,0.095,-0.02,Large central metro
PA,Schuylkill County,5,Distribution of COVID-19 deaths (%),1451,129,0.06800000000000017,-0.03,-0.002,-0.006,0.0,0.0,-0.01,Micropolitan
PA,Westmoreland County,2,Distribution of COVID-19 deaths (%),3158,160,0.039000000000000035,-0.025,-0.001,-0.01,0.0,0.0,-0.015,Large fringe metro
PA,York County,3,Distribution of COVID-19 deaths (%),3739,239,0.03600000000000003,0.009000000000000008,-0.002,-0.015,0.0,0.067,-0.019,Medium metro
RI,Kent County,2,Distribution of COVID-19 deaths (%),1371,133,0.050999999999999934,-0.019,-0.003,-0.027999999999999997,0.0,0.0,-0.019,Large fringe metro
RI,Providence County,1,Distribution of COVID-19 deaths (%),6239,1032,0.20400000000000007,-0.018000000000000002,-0.004,-0.028000000000000004,-0.001,0.10400000000000001,-0.024,Large central metro
SC,Anderson County,3,Distribution of COVID-19 deaths (%),2290,226,0.02100000000000013,0.008000000000000007,-0.002,-0.01,0.0,0.0,-0.017,Medium metro
SC,Charleston County,3,Distribution of COVID-19 deaths (%),4410,411,-0.16300000000000003,0.19399999999999995,-0.002,-0.018000000000000002,-0.001,0.039,-0.016,Medium metro
SC,Florence County,4,Distribution of COVID-19 deaths (%),2752,412,-0.08499999999999996,0.11699999999999999,-0.003,-0.016,-0.001,0.0,-0.013999999999999999,Small metro
SC,Greenville County,3,Distribution of COVID-19 deaths (%),4958,429,0.020000000000000018,0.07599999999999998,-0.002,-0.026000000000000002,-0.001,0.04,-0.018000000000000002,Medium metro
SC,Greenwood County,5,Distribution of COVID-19 deaths (%),1009,120,0.031000000000000028,0.04199999999999998,-0.002,-0.013000000000000001,0.0,0.0,-0.013000000000000001,Micropolitan
SC,Horry County,3,Distribution of COVID-19 deaths (%),3679,267,-0.030999999999999917,0.07699999999999999,-0.004,-0.013000000000000001,-0.001,0.049,-0.019,Medium metro
SC,Lexington County,3,Distribution of COVID-19 deaths (%),2583,227,-0.02300000000000002,0.10400000000000001,-0.004,-0.022000000000000002,-0.001,0.0,-0.019,Medium metro
SC,Orangeburg County,5,Distribution of COVID-19 deaths (%),994,127,0.013000000000000067,0.030999999999999917,-0.006,-0.009000000000000001,0.0,0.0,-0.013000000000000001,Micropolitan
SC,Richland County,3,Distribution of COVID-19 deaths (%),3787,383,0.017000000000000015,0.04799999999999999,-0.003,-0.028999999999999998,-0.001,0.031,-0.022000000000000002,Medium metro
SC,Spartanburg County,3,Distribution of COVID-19 deaths (%),3421,343,0.040000000000000036,0.035,-0.002,-0.025,0.0,0.038,-0.018000000000000002,Medium metro
SC,York County,2,Distribution of COVID-19 deaths (%),1932,126,0.008999999999999897,0.07400000000000001,-0.006999999999999999,-0.027000000000000003,0.0,0.0,-0.021,Large fringe metro
SD,Minnehaha County,4,Distribution of COVID-19 deaths (%),2262,319,-0.007000000000000006,-0.06,0.095,0.009999999999999998,0.0,0.0,-0.024,Small metro
TN,Davidson County,1,Distribution of COVID-19 deaths (%),8239,693,0.05700000000000005,-0.026999999999999996,-0.003,-0.02,-0.001,0.10800000000000001,-0.023,Large central metro
TN,Hamilton County,3,Distribution of COVID-19 deaths (%),4777,260,0.010000000000000009,0.018000000000000016,-0.002,-0.021,-0.001,0.062,-0.017,Medium metro
TN,Knox County,3,Distribution of COVID-19 deaths (%),5881,285,0.05500000000000005,-0.0059999999999999915,-0.002,-0.024,-0.001,0.035,-0.022000000000000002,Medium metro
TN,Madison County,4,Distribution of COVID-19 deaths (%),1906,297,0.10099999999999998,-0.041000000000000036,-0.002,-0.011000000000000001,0.0,0.0,-0.016,Small metro
TN,Putnam County,5,Distribution of COVID-19 deaths (%),1090,101,0.07099999999999995,-0.022000000000000002,-0.003,-0.013999999999999999,0.0,0.0,-0.016,Micropolitan
TN,Rutherford County,2,Distribution of COVID-19 deaths (%),2465,219,0.08100000000000007,0.005999999999999978,-0.003,-0.035,-0.001,0.046,-0.026000000000000002,Large fringe metro
TN,Shelby County,1,Distribution of COVID-19 deaths (%),9766,708,0.003000000000000058,0.05599999999999994,-0.002,-0.027999999999999997,0.0,0.044000000000000004,-0.015,Large central metro
TN,Sullivan County,3,Distribution of COVID-19 deaths (%),2828,178,0.03500000000000003,-0.022000000000000002,-0.003,-0.008,0.0,0.0,-0.015,Medium metro
TN,Sumner County,2,Distribution of COVID-19 deaths (%),1411,127,0.028000000000000025,0.013999999999999999,-0.003,-0.015,-0.001,0.0,-0.019,Large fringe metro
TN,Washington County,4,Distribution of COVID-19 deaths (%),2061,146,0.09700000000000009,-0.043,-0.003,-0.017,0.0,0.0,-0.019,Small metro
TX,Bell County,3,Distribution of COVID-19 deaths (%),2657,160,0.08200000000000007,-0.009000000000000008,-0.005,-0.028999999999999998,-0.006999999999999999,0.231,-0.043,Medium metro
TX,Bexar County,1,Distribution of COVID-19 deaths (%),14900,2032,-0.065,-0.029000000000000012,-0.002,-0.024,-0.001,0.74,-0.016,Large central metro
TX,Bowie County,4,Distribution of COVID-19 deaths (%),1381,171,0.08800000000000008,-0.010000000000000009,-0.006999999999999999,-0.012,-0.001,0.0,-0.022000000000000002,Small metro
TX,Brazoria County,2,Distribution of COVID-19 deaths (%),1954,170,-0.11199999999999993,0.18,-0.003,-0.068,0.0,0.306,-0.017,Large fringe metro
TX,Brazos County,4,Distribution of COVID-19 deaths (%),1394,165,0.031000000000000028,0.13,-0.003,-0.062,-0.001,0.17600000000000002,-0.016,Small metro
TX,Cameron County,3,Distribution of COVID-19 deaths (%),3771,1152,-0.010999999999999996,-0.004,-0.001,-0.006999999999999999,0.0,0.922,-0.002,Medium metro
TX,Collin County,1,Distribution of COVID-19 deaths (%),5503,402,0.07199999999999995,-0.00700000000000002,-0.004,-0.089,-0.001,0.19699999999999998,-0.024,Large central metro
TX,Comal County,2,Distribution of COVID-19 deaths (%),1247,137,-0.13200000000000012,-0.023,-0.004,-0.013000000000000001,-0.001,0.445,-0.015,Large fringe metro
TX,Dallas County,1,Distribution of COVID-19 deaths (%),15964,1442,-0.008000000000000007,0.02100000000000002,-0.003,-0.044,0.0,0.449,-0.015,Large central metro
TX,Denton County,2,Distribution of COVID-19 deaths (%),3700,257,0.038999999999999924,-0.008000000000000007,-0.004,-0.044000000000000004,-0.001,0.237,-0.023,Large fringe metro
TX,Ector County,4,Distribution of COVID-19 deaths (%),1358,198,-0.020999999999999963,-0.044000000000000004,-0.004,-0.011000000000000001,-0.002,0.662,-0.011000000000000001,Small metro
TX,El Paso County,3,Distribution of COVID-19 deaths (%),6252,1052,-0.028999999999999998,-0.015,-0.003,-0.011000000000000001,-0.001,0.89,-0.01,Medium metro
TX,Fort Bend County,2,Distribution of COVID-19 deaths (%),3238,289,0.009999999999999953,0.049000000000000016,-0.002,-0.09500000000000001,0.0,0.308,-0.019,Large fringe metro
TX,Galveston County,2,Distribution of COVID-19 deaths (%),2464,316,-0.19000000000000006,0.097,-0.004,-0.033,-0.001,0.386,-0.017,Large fringe metro
TX,Grayson County,4,Distribution of COVID-19 deaths (%),1627,147,0.09100000000000008,-0.057999999999999996,-0.013999999999999999,-0.015,-0.001,0.075,-0.024,Small metro
TX,Gregg County,4,Distribution of COVID-19 deaths (%),1662,165,-0.006000000000000005,0.08900000000000005,-0.004,-0.013000000000000001,0.0,0.133,-0.018000000000000002,Small metro
TX,Harris County,1,Distribution of COVID-19 deaths (%),28864,3223,-0.02699999999999997,-0.0010000000000000009,-0.002,-0.01899999999999999,-0.001,0.49700000000000005,-0.015,Large central metro
TX,Hidalgo County,3,Distribution of COVID-19 deaths (%),6168,1896,-0.006999999999999999,-0.004,-0.001,-0.009000000000000001,0.0,0.9470000000000001,-0.002,Medium metro
TX,Jefferson County,3,Distribution of COVID-19 deaths (%),2855,263,0.181,-0.031000000000000028,-0.003,-0.038,0.0,0.106,-0.013999999999999999,Medium metro
TX,Lubbock County,3,Distribution of COVID-19 deaths (%),3584,558,-0.09100000000000003,-0.023000000000000007,-0.004,-0.022000000000000002,-0.001,0.514,-0.013999999999999999,Medium metro
TX,McLennan County,3,Distribution of COVID-19 deaths (%),2352,223,-0.006999999999999895,0.012999999999999984,-0.003,-0.016,-0.001,0.27399999999999997,-0.017,Medium metro
TX,Midland County,4,Distribution of COVID-19 deaths (%),1032,127,0.03999999999999998,-0.062,-0.005,-0.021,-0.001,0.465,-0.012,Small metro
TX,Montgomery County,2,Distribution of COVID-19 deaths (%),4794,387,-0.14900000000000002,0.089,-0.004,-0.031,-0.001,0.35100000000000003,-0.016,Large fringe metro
TX,Nacogdoches County,5,Distribution of COVID-19 deaths (%),676,120,0.09099999999999986,0.04899999999999999,-0.004,-0.012,0.0,0.083,-0.015,Micropolitan
TX,Nueces County,3,Distribution of COVID-19 deaths (%),3585,594,-0.05299999999999999,-0.018000000000000002,-0.003,-0.02,-0.001,0.741,-0.011000000000000001,Medium metro
TX,Potter County,3,Distribution of COVID-19 deaths (%),2001,313,0.11399999999999999,-0.043,-0.005,-0.017999999999999995,0.0,0.355,-0.015,Medium metro
TX,Smith County,4,Distribution of COVID-19 deaths (%),3498,427,0.062000000000000055,0.021999999999999992,-0.003,-0.016,-0.001,0.138,-0.016,Small metro
TX,Tarrant County,1,Distribution of COVID-19 deaths (%),14278,1289,0.03899999999999998,-0.006000000000000033,-0.004,-0.01999999999999999,-0.002,0.303,-0.022000000000000002,Large central metro
TX,Taylor County,4,Distribution of COVID-19 deaths (%),1561,151,0.04300000000000004,-0.07400000000000001,-0.004,-0.022000000000000002,-0.001,0.285,-0.023,Small metro
TX,Tom Green County,4,Distribution of COVID-19 deaths (%),1225,143,-0.068,-0.036000000000000004,-0.004,-0.012,-0.001,0.49700000000000005,-0.017,Small metro
TX,Travis County,1,Distribution of COVID-19 deaths (%),6233,581,-0.11599999999999994,0.015,-0.002,-0.05500000000000001,-0.001,0.509,-0.02,Large central metro
TX,Victoria County,4,Distribution of COVID-19 deaths (%),1058,188,-0.051000000000000045,0.032999999999999995,-0.003,-0.013000000000000001,0.0,0.516,-0.01,Small metro
TX,Webb County,3,Distribution of COVID-19 deaths (%),1663,386,-0.036000000000000004,-0.003,0.0,-0.005,0.0,0.9790000000000001,-0.001,Medium metro
TX,Wichita County,4,Distribution of COVID-19 deaths (%),1472,134,0.10099999999999998,-0.029000000000000012,-0.008,-0.02,-0.001,0.172,-0.024,Small metro
TX,Williamson County,2,Distribution of COVID-19 deaths (%),3148,224,-0.026000000000000023,-0.0050000000000000044,-0.003,-0.078,-0.001,0.35700000000000004,-0.024,Large fringe metro
UT,Salt Lake County,1,Distribution of COVID-19 deaths (%),7035,493,-0.09200000000000008,-0.018000000000000002,0.036,0.0,0.045,0.231,-0.039,Large central metro
UT,Utah County,3,Distribution of COVID-19 deaths (%),2490,131,-0.062000000000000055,-0.006,-0.005,-0.018000000000000002,-0.009000000000000001,0.17600000000000002,-0.032,Medium metro
VA,Arlington County,1,Distribution of COVID-19 deaths (%),1267,182,-0.124,0.156,-0.002,-0.026000000000000023,-0.001,0.18100000000000002,-0.03,Large central metro
VA,Chesterfield County,2,Distribution of COVID-19 deaths (%),2161,106,0.007000000000000006,0.04800000000000004,-0.002,-0.036000000000000004,-0.001,0.10400000000000001,-0.025,Large fringe metro
VA,Fairfax County,2,Distribution of COVID-19 deaths (%),4856,553,0.026000000000000023,0.009000000000000008,-0.001,-0.062,-0.001,0.222,-0.034,Large fringe metro
VA,Hanover County,2,Distribution of COVID-19 deaths (%),1194,111,-0.2390000000000001,0.303,-0.004,-0.019,0.0,0.0,-0.019,Large fringe metro
VA,Henrico County,2,Distribution of COVID-19 deaths (%),3046,233,0.02400000000000002,0.08000000000000002,-0.002,-0.09,0.0,0.052000000000000005,-0.024,Large fringe metro
VA,Loudoun County,2,Distribution of COVID-19 deaths (%),1593,134,0.17700000000000005,0.0,-0.002,-0.082,-0.001,0.08199999999999999,-0.035,Large fringe metro
VA,Prince William County,2,Distribution of COVID-19 deaths (%),1564,149,-0.052999999999999936,0.10299999999999998,-0.002,-0.010999999999999996,-0.001,0.235,-0.04,Large fringe metro
VA,Alexandria city,1,Distribution of COVID-19 deaths (%),785,108,-0.08700000000000002,0.10600000000000001,-0.002,-0.063,-0.001,0.185,-0.027999999999999997,Large central metro
VA,Manassas city,2,Distribution of COVID-19 deaths (%),461,104,0.134,-0.01100000000000001,-0.002,-0.059000000000000004,-0.001,0.308,-0.026000000000000002,Large fringe metro
VA,Norfolk city,1,Distribution of COVID-19 deaths (%),2440,125,-0.08000000000000002,0.20299999999999996,-0.004,-0.037000000000000005,-0.002,0.0,-0.035,Large central metro
VA,Richmond city,1,Distribution of COVID-19 deaths (%),2744,148,-0.010000000000000009,0.014000000000000012,-0.003,-0.022000000000000002,0.0,0.08800000000000001,-0.021,Large central metro
VA,Roanoke city,3,Distribution of COVID-19 deaths (%),2078,138,0.2340000000000001,-0.17099999999999999,-0.002,-0.035,-0.001,0.0,-0.03,Medium metro
VA,Virginia Beach city,1,Distribution of COVID-19 deaths (%),2781,105,0.009000000000000008,0.056999999999999995,-0.003,-0.071,-0.001,0.0,-0.039,Large central metro
WA,Benton County,3,Distribution of COVID-19 deaths (%),1691,183,-0.125,-0.015,-0.006999999999999999,-0.031,-0.002,0.35,-0.027000000000000003,Medium metro
WA,King County,1,Distribution of COVID-19 deaths (%),12256,806,0.07399999999999995,-0.0040000000000000036,-0.006,-0.048000000000000015,0.006999999999999999,0.109,-0.053,Large central metro
WA,Pierce County,2,Distribution of COVID-19 deaths (%),6331,230,0.07600000000000007,-0.013000000000000005,-0.011000000000000001,0.0030000000000000027,0.041,0.065,-0.078,Large fringe metro
WA,Snohomish County,2,Distribution of COVID-19 deaths (%),4652,197,0.125,-0.035,-0.011000000000000001,-0.05700000000000001,-0.006,0.081,-0.049,Large fringe metro
WA,Spokane County,3,Distribution of COVID-19 deaths (%),4721,238,-0.027999999999999914,-0.019,0.045000000000000005,-0.023,-0.006,0.071,-0.042,Medium metro
WA,Yakima County,4,Distribution of COVID-19 deaths (%),1884,236,0.14900000000000008,-0.008,0.073,-0.012,-0.001,0.28800000000000003,-0.018000000000000002,Small metro
WI,Brown County,3,Distribution of COVID-19 deaths (%),2466,253,0.0030000000000000027,-0.027000000000000003,0.020999999999999998,-0.033,0.0,0.095,-0.021,Medium metro
WI,Dane County,3,Distribution of COVID-19 deaths (%),3979,181,0.09799999999999998,-0.053,-0.003,-0.062,0.0,0.0,-0.024,Medium metro
WI,Kenosha County,2,Distribution of COVID-19 deaths (%),1404,154,0.051000000000000045,-0.0040000000000000036,-0.003,-0.017,0.0,0.11,-0.023,Large fringe metro
WI,Marathon County,4,Distribution of COVID-19 deaths (%),1400,160,0.062000000000000055,-0.008,-0.004,-0.06,0.0,0.0,-0.015,Small metro
WI,Milwaukee County,1,Distribution of COVID-19 deaths (%),8849,738,0.03699999999999992,0.021999999999999964,-0.006,-0.016,0.0,0.136,-0.024,Large central metro
WI,Outagamie County,4,Distribution of COVID-19 deaths (%),1561,172,0.04299999999999993,-0.013999999999999999,-0.016,-0.036000000000000004,-0.001,0.0,-0.017,Small metro
WI,Racine County,4,Distribution of COVID-19 deaths (%),1537,127,0.019000000000000017,0.021000000000000005,-0.004,-0.012,0.0,0.134,-0.021,Small metro
WI,Waukesha County,2,Distribution of COVID-19 deaths (%),3174,238,0.015000000000000013,0.03,-0.002,-0.038,0.0,0.042,-0.013999999999999999,Large fringe metro
WI,Winnebago County,4,Distribution of COVID-19 deaths (%),1570,115,0.07800000000000007,-0.024,-0.006,-0.03,0.0,0.0,-0.017,Small metro
WV,Kanawha County,4,Distribution of COVID-19 deaths (%),2531,150,0.07000000000000006,-0.075,-0.001,-0.01,0.0,0.0,-0.024,Small metro
